머거본 꿀땅콩(135g),0.1
허니버터 아몬드(250g),0.2
샘표소면(1.1kg),0.3
옛날국수소면,0.4
제일제면소 소면(900g),0.5
CJ 비비고 왕교자(910g),0.6
고향만두,0.7
동원 개성 왕만두,0.8
생야채돼지고기물만두(400g*2봉),0.9
CJ 100% 국산 햇당면(400g),0.11
옛날당면,0.12
고소한국산콩두부(부침용)(대상),0.13
풀무원 국산콩두부(찌개용)(380g),0.14
행복한콩 노릇하게잘구워지는 부침두부,0.15
행복한콩 양념이잘배는 찌개두부,0.16
CJ 참쌀떡국떡(1kg),0.17
생가득 우리쌀 떡국떡(700g),0.18
오뚜기 우리쌀 떡국떡(600g),0.19
삼양라면 5개입,0.21
신라면 5개입,0.22
진라면(순한맛) 5개입,0.23
오뚜기 찹쌀 왕만두피(300g),0.24
해태 찹쌀 왕만두피(360g),0.25
곰표 다목적밀가루(1kg),0.26
백설 중력밀가루(1kg),0.27
큐원 영양강화밀가루(1kg),0.28
백설부침가루(1kg),0.29
오뚜기부침가루(1kg),0.31
1964 정통 크림빵,0.32
롯데 미니소보로(375g),0.33
샤니 속이알찬 단팥빵(255g),0.34
샤니 요요꿀호떡(400g),0.35
보노 포르치니버섯스프(51.6g),0.36
오뚜기 크림스프,0.37
옥수수 보노콘스프,0.38
청정원 우리쌀 크림스프,0.39
롯데 아이러브 토스트(750g),0.41
삼립 아침엔밀크토스트(330g),0.42
스페셜K 오리지널(480g),0.43
켈로그 콘푸로스트(600g),0.44
포스트 콘푸라이트(600g),0.45
맛있는 미역국,0.46
오뚜기 맛있는 북어국(34g),0.47
3분 쇠고기 짜장,0.48
3분 쇠고기 카레,0.48
오뚜기 3분 백세카레 약간 매운맛,0.49
청정원 옛날식 짜장(180g),0.51
청정원 카레여왕 비프카레(160g),0.52
CJ 햇반(210g*3개입),0.53
맛있는 오뚜기밥(210g*3개입),0.54
맛있는오뚜기밥(6개입) ,0.55
오뚜기 맛있는밥,0.56
햇반(엄마가해주신밥 6+2개입),0.57
햇반(엄마가해주신밥 단품),0.58
CJ 가쓰오 우동(4인분)(933.2g),0.59
사누끼 가쓰오 생우동,0.61
풀무원 생가득 가쓰오 우동(4인분),0.62
동원 양반 쇠고기죽(288g),0.63
동원 양반 전복죽(288g),0.64
오뚜기 새송이 쇠고기죽(285g),0.65
오뚜기 전복죽(285g),0.66
대림 주부초밥짱(320g),0.67
새콤달콤 간편한 유부초밥 박사(160g*2),0.68
풀무원 새콤달콤 유부(330g),0.69
프레시안 주부초밥왕(320g),0.71
농심 신라면 큰사발면(114g),0.72
오뚜기 참깨라면(컵라면)(110g),0.73
팔도 왕뚜껑(110g),0.74
CJ 햇반 컵반 고추장 제육덮밥(250g),0.75
CJ 햇반 컵반 미역국밥(167g),0.76
오뚜기 맛있는 쇠고기미역국밥(162g),0.77
오뚜기 제육덮밥(280g),0.78
CJ 비비고 사골곰탕(500g),0.79
CJ 비비고 육개장(500g),0.81
오뚜기 옛날 사골곰탕 국물(350g),0.82
오뚜기 옛날 육개장(300g),0.83
오리온 포카칩 오리지날(66g),0.84
칩포테이토 오리지날,0.85
롯데 자일리톨 오리지날(87g),0.86
해태아이스쿨,0.87
"롯데푸드 찰떡국화빵(150ml,단품)",0.88
"빙그레 참붕어 싸만코(150ml,단품)",0.89
"롯데푸드 돼지바(70ml,단품)",0.91
메로나(단품),0.92
"해태 바밤바(63ml,단품)",0.93
농심 새우깡(90g),0.94
"롯데 월드콘 바닐라(160ml,단품)",0.95
투게더 바닐라맛,0.96
"해태 부라보콘 화이트바닐라(140ml,단품)",0.97
닥터유 에너지바(40g*4개입),0.98
"닥터유 에너지바(40g,단품)",0.99
켈로그 레드베리 에너지바(25g*4개입),0.101
오리온 핫브레이크 미니(714g),0.102
해태 자유시간(36g*5개입),0.103
"해태 자유시간(36g,단품)",0.104
몽쉘 크림,0.105
오리온 초코파이(39g*18개입),0.106
해태 오예스(28g*12개입),0.107
롯데 ABC 초코(65g),0.108
롯데 가나 마일드(34g*3개입),0.109
"롯데 가나 마일드(34g,단품)",0.111
롯데 목캔디 허브(148g),0.112
오리온 통아몬드(90g),0.113
아이비,0.114
참크래커,0.115
I cant believe(60%) 저지방마가린(212.5g*2개),0.116
오뚜기 식물성 마아가린(200g),0.117
옥수수 마가린(200g),0.118
떠먹는불가리스 딸기 오리지날(4개묶음),0.119
매일바이오거트(4개 묶음360g),0.121
매일바이오거트(4개 묶음360g),0.122
오리지널 요플레(4개묶음),0.123
이오 20s (3개묶음),0.124
자연의 시작 불가리스 사과 (4개묶음),0.125
남양 드빈치 버터(450g),0.126
모닝버터(해바라기유)(200g),0.127
무가염버터(450g),0.128
앱솔루트 명작 3단계,0.129
임페리얼 드림 XO 3단계,0.131
프리미엄 산양분유 1단계(800g),0.132
CJ 더 건강한햄 그릴후랑크(350g),0.133
롯데비앤나(400g),0.134
목우촌 주부9단 프랑크 소시지(500g),0.135
의성 마늘 프랑크(350g),0.136
남양유업 맛있는우유GT(1000ml),0.137
매일우유 오리지널(ESL)(1000ml),0.138
서울우유 흰우유(1000ml),0.139
파스퇴르우유 후레쉬(930ml),0.141
매일유업 뼈로가는 칼슘치즈(180g),0.142
매일유업 뼈로가는 칼슘치즈(270g),0.142
서울우유 체다슬라이스치즈(200g),0.143
서울우유 체다슬라이스치즈(400g),0.143
치즈명장 드빈치 체다슬라이스 치즈(200g),0.144
치즈명장 드빈치 체다슬라이스 치즈(300g),0.144
롯데슬라이스햄,0.145
스팸,0.146
식빵위의 네모,0.147
참작 참잘만든 슬라이스햄,0.148
두번 구워 김밥이 더욱 향긋한 김밥김,0.149
양반 구운 김밥김,0.151
햇바삭김 김밥김,0.152
양반 들기름이 그윽한 김,0.153
대림게맛살큰잔치,0.154
삼호맛살,0.155
싱싱맛살,0.155
동원 꽁치,0.156
사조 꽁치,0.157
샘표 김치찌개용 꽁치,0.158
오뚜기 꽁치,0.159
대림선어묵 부산어묵,0.161
프레시안삼호부산어묵,0.162
바다원 조미찢은오징어(300g),0.163
동원참치 라이트스탠다드(단품),0.164
동원참치 라이트스탠다드(묶음),0.164
마일드참치(단품),0.165
마일드참치(묶음),0.166
사조참치 살코기 안심따개,0.167
양조간장 501,0.168
진간장 금F3,0.169
순창 오리지널 우리쌀 찰고추장 ,0.171
해찬들 우리쌀태양초골드,0.172
해표 순창궁 태양초 100% 우리햅쌀 고추장(1800g),0.173
동원복숭아(황도) 슬라이스,0.174
샘표황도,0.175
오뚜기황도,0.176
백설 남해굴소스(210g),0.177
이금기 팬더 굴소스(255g),0.178
청정원 프리미엄 굴소스(260g),0.179
샘표 시골집 토장(900g),0.181
순창재래식안심생된장 ,0.182
해찬들 재래식 된장 ,0.183
딸기잼 ,0.184
복음자리 딸기잼,0.185
고소한골드마요네즈(오뚜기),0.186
고소한마요네즈(대상),0.187
청정원 제주모슬포 멸치액젓(618ml),0.188
하선정 멸치액젓(658ml),0.189
동서 아카시아꿀,0.191
동서벌꿀,0.192
백설 자일로스 설탕,0.193
백설 하얀설탕,0.194
푸드림 하얀설탕,0.195
백설꽃소금,0.196
청정원 신안섬보배 천일염 가는소금(500g),0.197
해표 꽃소금,0.198
맑고신선한옥수수유,0.199
맑고신선한해표식용유,0.201
백설국내콩기름,0.202
오뚜기식용유(콩100%),0.203
대상 사과식초,0.204
백설 국내산 사과식초(500ml),0.205
오뚜기 사과식초,0.206
청정원 순창 쌈장,0.207
해찬들 사계절 쌈장,0.208
해표 순창 궁 발아콩 12가지 양념쌈장,0.209
고소한참기름(오뚜기),0.211
진한참기름(CJ),0.212
참진한 참기름(해표),0.213
오뚜기카레 순한맛,0.214
청정원 카레여왕 구운마늘&양파(108g),0.215
청정원 진한 토마토 케찹,0.216
토마토케찹(오뚜기),0.217
맛선생 해물,0.218
웰빙 다시다 산들애 국내산해물,0.219
델몬트 스카시플러스 100,0.221
미닛메이드 오리지날 오렌지 100,0.222
남양 17차 티백(80입),0.223
동서현미녹차 100포,0.224
달콤한 베지밀 비,0.225
달콤한 삼육두유 B,0.226
뼈로가는 칼슘두유 담백한맛,0.227
국순당 대박 왕 막걸리,0.228
국순당 우국생,0.229
서울장수생막걸리,0.231
HITE(6캔),0.232
HITE(단품),0.233
오비골든라거 6캔,0.234
오비골든라거(단품),0.235
카스 프레쉬 6캔,0.236
카스 프레쉬(단품 500ml),0.237
비타500(묶음),0.238
비타파워,0.239
컨피던스,0.241
스프라이트,0.242
칠성사이다(1.8L),0.243
삼다수(2L),0.244
삼다수(500ml),0.245
아이시스(2L),0.246
아이시스(500ml),0.247
삼다수(2L 묶음),0.248
삼다수(500ml 묶음),0.249
참이슬 클래식,0.251
참이슬 후레쉬,0.252
처음처럼,0.253
비락식혜(1.8L),0.254
레드불 에너지 드링크(250ml),0.255
롯데 핫식스(250ml),0.256
몬스터 에너지(355ml),0.257
게토레이 레몬,0.258
파워에이드 마운틴블라스트(520ml),0.259
포카리스웨트(620ml),0.261
옥수수수염차,0.262
레쓰비 마일드(175ml),0.263
맥스웰 하우스 오리지날(200ml),0.264
맥심 티오피 마스터블렌드(275ml),0.265
칸타타 원두커피 프리미엄 블렌드(275ml),0.266
네스카페 신선한 모카(180입),0.267
맥스웰 하우스 오리지날,0.268
맥심모카골드,0.269
프렌치까페믹스,0.271
매일 카페라떼 마일드,0.272
스타벅스 커피라떼,0.273
악마의유혹 프렌치 카페오레,0.274
엔제리너스 카페모카,0.275
코카콜라(1.8L),0.276
펩시콜라(1.8L),0.277
씨그램 레몬(350ml),0.278
초정탄산수 레몬(500ml),0.279
트레비 레몬(500ml),0.281
갈치(냉동),0.282
갈치(생물),0.283
"고등어(생물, 300~500g)",0.284
삼치(500~700g),0.285
"오징어(냉동, 200~300g)",0.286
"오징어(생물, 200~300g)",0.286
부세(200~400g),0.287
참조기(200~400g),0.288
CJ 더안심 건강란(대란 15개),0.289
CJ 알짜란(대란 15개),0.291
목초를 먹고 자란 건강한 닭이 낳은 달걀(대란 15개),0.292
풀무원 동물복지 목초란(대란 10개),0.293
참프레 동물복지 닭백숙(1.1kg),0.294
하림 자연실록백숙 830g,0.295
하림 토종닭백숙(1050g),0.296
돼지고기 목살,0.297
돼지고기 삼겹살,0.298
쇠고기 등심(1+등급),0.299
쇠고기 등심(1등급),0.301
쇠고기 불고기(1+등급),0.302
쇠고기 불고기(1등급),0.303
가지,0.304
감자(껍질 있는 감자),0.305
고구마(껍질 있는 밤고구마),0.306
고구마(껍질 있는 호박고구마),0.307
깻잎,0.308
찬마루 김밥 단무지,0.309
하선정 숯 김밥단무지,0.411
당근(흙당근),0.412
"대파(흙대파, 500~800g)",0.413
마늘(깐마늘),0.414
무(줄기 없는 무),0.415
배추,0.416
느타리버섯,0.417
양송이버섯,0.418
적상추,0.419
생강,0.421
시금치(250~400g),0.422
양배추,0.423
"양파(껍질 있는 망포장, 1500g)",0.424
오이(백다다기),0.425
쪽파(흙쪽파),0.426
CJ 행복한콩 국산콩 콩나물,0.427
국산아작아작콩나물,0.428
CJ하선정 포기김치(2.5Kg),0.429
동원양반포기김치(2.2kg),0.431
풋고추,0.432
애호박,0.433
듀라셀 울트라 파워체크 AA*2입(피엔지),0.434
듀라셀 울트라 파워체크 AAA*2입,0.435
벡셀AA*2입,0.436
에너자이저AA*2입,0.437
마미손 뷰티(중),0.438
올에이 중형 고무장갑,0.439
크린랩_고무장갑(중) (묶음),0.441
크린랩(22cm x 50m),0.441
크린랩(30cm x 50m),0.441
후레쉬랩(25cm x 50m)(3M),0.442
맥스 CRV 폭발방지 부탄가스,0.442
썬 부탄가스,0.443
알프스가스,0.444
유한락스 레귤러(1.5L),0.445
유한락스 후레쉬(2L),0.446
홈스타 향락스(1L),0.447
에프킬라 에어로졸 무향(500ml),0.448
컴배트 스피드 에어졸(500ml),0.449
홈키파 수성 에어졸(500ml),0.451
다우니 고농축 블루튤립과 달콤한 라일락,0.452
샤프란 코튼 앤 크림,0.453
피죤 용기 옐로미모사(3.1L일반/드럼겸용),0.454
샤프란 케어(은은한향),0.455
페브리즈 깨끗한 무향(370),0.456
페브리즈 깨끗한 무향(900),0.456
"메소드 다목적 세정제(라벤더,828ml)",0.457
무균무때(욕실용),0.458
홈스타 곰팡이 싹,0.459
"때가 쏙 비트(가루,리필형,4kg)",0.461
"스파크(가루,리필형,5kg)",0.462
"테크 (가루,리필형,4kg)",0.463
"때가 쏙 비트(액체,드럼용,3L)",0.464
"테크 UP(액체,일반용,3L)",0.465
"퍼실 파워젤(액체,드럼용,2.7L)",0.466
"퍼실 파워젤(액체,일반용,2.7L)",0.466
피죤 습기제로(8개입),0.467
홈스타 제습과 방충을 한번에,0.468
3M후레쉬백,0.469
뽑아쓰는 크린백,0.471
지퍼락 지퍼백(중),0.472
크린백,0.473
크린지퍼백,0.474
CJ 참그린 ,0.475
